Brand Name,Device Type,Model Name,Color,Selling Price,Original Price,Display,Rating (Out of 5),Strap Material,Average Battery Life (in days),Discount
Xiaomi,FitnessBand,Smart Band 5,['Black'],2499.0,2999.0,AMOLED Display,4.1,Thermoplastic polyurethane,14,500.0
Xiaomi,FitnessBand,Smart Band 4,['Black'],2099.0,2499.0,AMOLED Display,4.2,Thermoplastic polyurethane,14,400.0
Xiaomi,FitnessBand,HMSH01GE,['Black'],1722.0,2099.0,LCD Display,3.5,Leather,14,377.0
Xiaomi,FitnessBand,Smart Band 5,['Black'],2469.0,2999.0,AMOLED Display,4.1,Thermoplastic polyurethane,14,530.0
Xiaomi,FitnessBand,Band 3,['Black'],1799.0,2199.0,OLED Display,4.3,Plastic,7,400.0
Xiaomi,FitnessBand,Band - HRX Edition,['Black'],1299.0,1799.0,OLED Display,4.2,Plastic,20,500.0
Xiaomi,FitnessBand,Band 2,['Black'],2499.0,2499.0,OLED Display,4.3,Plastic,7,0.0
Xiaomi,Smartwatch,Revolve,['Black'],12349.0,15999.0,AMOLED Display,4.4,Silicone,14,3650.0
Xiaomi,Smartwatch,RevolveActive,['Black'],12999.0,15999.0,AMOLED Display,4.4,Silicone,14,3000.0
Xiaomi,FitnessBand,Smart Band 3i,['Black'],1270.0,1599.0,OLED Display,4.2,Thermoplastic polyurethane,7,329.0
OnePlus ,FitnessBand,Steven Harrington Edition Band,['Blue'],3299.0,3999.0,AMOLED Display,4.3,Thermoplastic polyurethane,7,700.0
OnePlus ,FitnessBand,Band,['Dualcolor'],2499.0,2799.0,AMOLED Display,4.2,Thermoplastic polyurethane,7,300.0
FitBit,Smartwatch,Versa 2,"['Black', 'Gray', 'Pink']",11999.0,14999.0,AMOLED Display,4.3,Silicone,7,3000.0
FitBit,Smartwatch,Sense,"['Beige', 'Black', 'Pink']",21499.0,22999.0,AMOLED Display,4.2,Elastomer,7,1500.0
FitBit,Smartwatch,Versa 3,"['Black', 'Blue', 'Pink']",17999.0,18999.0,AMOLED Display,4.3,Elastomer,7,1000.0
FitBit,FitnessBand,Charge 4,"['Black', 'Rosewood', 'Stormblue']",9999.0,9999.0,PMOLED Display,4.2,Elastomer,7,0.0
FitBit,FitnessBand,Inspire,['Maroon'],7990.0,7999.0,LED Display,4.2,Silicone,5,9.0
FitBit,FitnessBand,Inspire 2,"['Black', 'Desertrose', 'Lunarwhite']",6999.0,7999.0,PMOLED Display,4.4,Thermoplastic polyurethane,10,1000.0
FitBit,FitnessBand,Lunar,['White'],10899.0,10999.0,AMOLED Display,4.7,Silicone,7,100.0
FitBit,FitnessBand,Charge 4,['Granitereflective'],10999.0,11999.0,PMOLED Display,4.2,Elastomer,7,1000.0
FitBit,FitnessBand,FB413LVLV,['Lilac'],8807.0,38500.0,AMOLED Display,4.1,Silicone,5,29693.0
FitBit,FitnessBand,Flex Small,"['Black', 'Blue', 'Gray', 'Red', 'Teal', 'Violet']",8490.0,8490.0,OLED Display,3.8,Rubber,5,0.0
FitBit,FitnessBand,Inspire HR,['Black'],5599.0,8999.0,LED Display,4.3,Silicone,5,3400.0
FitBit,FitnessBand,Inspire,['Black'],5299.0,7999.0,LED Display,4.2,Silicone,5,2700.0
FitBit,FitnessBand,Charge 3,['Gray'],7599.0,13999.0,OLED Display,4.3,Silicone,7,6400.0
FitBit,Smartwatch,Versa Special Edition,['Charcoal'],10365.0,23499.0,AMOLED Display,4.1,Fabric,7,13134.0
FitBit,Smartwatch,Ionic,['Black'],18999.0,24999.0,LCD Display,4.1,Elastomer,7,6000.0
FitBit,Smartwatch,Versa 2 Special Edition,['Multicolor'],15499.0,23999.0,AMOLED Display,4.4,Silicone,7,8500.0
FitBit,Smartwatch,Ionic,['Blue'],22499.0,24999.0,LCD Display,4.1,Elastomer,7,2500.0
FitBit,Smartwatch,Ionic,['Gray'],26499.0,26499.0,LCD Display,4.1,Elastomer,7,0.0
FitBit,Smartwatch,Versa,['Purple'],16990.0,23499.0,AMOLED Display,4.1,Silicone,7,6509.0
FitBit,Smartwatch,Versa,['Gray'],17895.0,21499.0,AMOLED Display,4.2,Silicone,7,3604.0
FitBit,Smartwatch,Surge,['Blue'],24990.0,24990.0,LCD Display,3.8,Elastomer,7,0.0
FitBit,FitnessBand,Charge 2,['Black'],7499.0,14999.0,PMOLED Display,4.3,Silicone,7,7500.0
FitBit,FitnessBand,Charge 3 Special Edition,"['Purple', 'White']",9999.0,15999.0,OLED Display,4.0,Silicone,7,6000.0
FitBit,Smartwatch,Blaze,['Purple'],17999.0,19999.0,LCD Display,4.2,Elastomer,7,2000.0
FitBit,Smartwatch,Blaze,['Blue'],19999.0,19999.0,LCD Display,4.2,Elastomer,7,0.0
FitBit,Smartwatch,Blaze,['Black'],22999.0,22999.0,LCD Display,4.2,Elastomer,7,0.0
FitBit,Smartwatch,Surge,['Black'],19990.0,19990.0,LCD Display,3.8,Elastomer,7,0.0
FitBit,FitnessBand,Alta HR,"['Black', 'Gray', 'Plum']",14999.0,14999.0,OLED Display,4.3,Elastomer,7,0.0
FitBit,FitnessBand,Charge 2,['Plumsilver'],14999.0,14999.0,PMOLED Display,4.4,Silicone,7,0.0
FitBit,Smartwatch,Versa Lite Edition,['Purple'],16999.0,16999.0,AMOLED Display,4.2,Elastomer,7,0.0
FitBit,Smartwatch,Surge,['Orange'],24990.0,24990.0,LCD Display,3.8,Elastomer,7,0.0
FitBit,Smartwatch,versa,['Gray'],21499.0,21499.0,AMOLED Display,4.1,Silicone,7,0.0
FitBit,Smartwatch,Versa,['Pink'],16124.0,19999.0,AMOLED Display,4.1,Silicone,7,3875.0
FitBit,FitnessBand,Charge HR,['Purple'],6990.0,14990.0,OLED Display,3.9,Thermoplastic polyurethane,7,8000.0
FitBit,FitnessBand,Charge HR,"['Green', 'Orange', 'Pink']",14990.0,14990.0,OLED Display,3.9,Thermoplastic polyurethane,7,0.0
FitBit,FitnessBand,Alta HR,"['Gunmetalblack', 'Rosegold']",16999.0,16999.0,OLED Display,4.3,Elastomer,7,0.0
FitBit,Smartwatch,Versa Lite Edition,['Blue'],14399.0,15999.0,AMOLED Display,4.2,Elastomer,7,1600.0
FitBit,FitnessBand,Alta,"['Black', 'Blue', 'Purple', 'Teal']",12999.0,12999.0,OLED Display,4.1,Elastomer,7,0.0
FitBit,FitnessBand,Charge 2,['Violet'],14999.0,14999.0,PMOLED Display,4.3,Silicone,7,0.0
FitBit,Smartwatch,Versa,['Black'],20590.0,21499.0,AMOLED Display,4.1,Silicone,7,909.0
FitBit,Smartwatch,Versa 2,['Purple'],13499.0,21999.0,AMOLED Display,4.3,Silicone,7,8500.0
FitBit,Smartwatch,Surge,['Black'],9999.0,19990.0,LCD Display,3.8,Elastomer,7,9991.0
FitBit,FitnessBand,Charge 3,['Black'],9999.0,13999.0,OLED Display,4.3,Silicone,7,4000.0
FitBit,FitnessBand,Charge 2,['Blue'],7499.0,14999.0,PMOLED Display,4.3,Silicone,7,7500.0
FitBit,FitnessBand,Charge 2,['Lightblue'],14999.0,14999.0,PMOLED Display,4.4,Silicone,7,0.0
FitBit,FitnessBand,Charge 2,['Blue'],8999.0,14999.0,PMOLED Display,4.4,Silicone,7,6000.0
FitBit,FitnessBand,Charge 2,['Black'],7498.0,14999.0,PMOLED Display,4.3,Silicone,7,7501.0
FitBit,FitnessBand,Charge 2,['Skyblue'],14999.0,14999.0,PMOLED Display,4.3,Silicone,7,0.0
FitBit,FitnessBand,Inspire HR,['Purple'],5598.0,9999.0,LED Display,4.3,Silicone,5,4401.0
FitBit,FitnessBand,Inspire HR,['White'],5899.0,9999.0,LED Display,4.3,Silicone,5,4100.0
realme,FitnessBand,Band 2,['Black'],2999.0,3499.0,TFT-LCD Display,4.1,Silicone,7,500.0
realme,FitnessBand,Band,['Yellow'],1499.0,2999.0,TFT-LCD Display,4.0,Silicone,7,1500.0
realme,FitnessBand,Smart band,['Gray'],1450.0,2999.0,TFT-LCD Display,4.0,Silicone,7,1549.0
realme,FitnessBand,Band,['Black'],1290.0,2999.0,TFT-LCD Display,4.0,Silicone,7,1709.0
Huawei,FitnessBand,Band 4,['Black'],1899.0,3099.0,TFT-LCD Display,4.2,Silicone,7,1200.0
Huawei,FitnessBand,Band 2,['Black'],1699.0,4999.0,PMOLED Display,4.1,Silicone,7,3300.0
Huawei,FitnessBand,Band 2,['Blue'],6999.0,6999.0,PMOLED Display,4.2,Silicone,7,0.0
Huawei,FitnessBand,Band 2,['Black'],4599.0,4599.0,PMOLED Display,4.1,Silicone,7,0.0
Huawei,FitnessBand,Band 6,"['Black', 'Orange', 'Pink', 'Teal']",4490.0,9990.0,PMOLED Display,4.4,Silicone,7,5500.0
Huawei,FitnessBand,Band 2 Pro Activity,"['Black', 'Pink']",2199.0,5999.0,PMOLED Display,4.1,Silicone,7,3800.0
Honor,FitnessBand,Band 6,"['Coralpink', 'Meteoriteblack', 'Sandstonegrey']",2999.0,5999.0,AMOLED Display,4.3,Plastic,14,3000.0
Honor,FitnessBand,Band 4,"['Meteoriteblack', 'Midnightnavy']",2700.0,2999.0,AMOLED Display,4.4,Plastic,7,299.0
Honor,FitnessBand,Band 3,['Dynamicorange'],2499.0,2999.0,AMOLED Display,4.3,Plastic,7,500.0
Honor,FitnessBand,Band 5i,['Black'],2469.0,2999.0,LCD Display,4.2,Plastic,7,530.0
Honor,FitnessBand,Band 3,['Navyblue'],2499.0,2999.0,PMOLED Display,4.3,Plastic,7,500.0
Honor,FitnessBand,Band 5,['Black'],2899.0,2999.0,AMOLED Display,4.4,Plastic,14,100.0
Honor,FitnessBand,Band 5,['Black'],2099.0,2999.0,AMOLED Display,4.4,Plastic,14,900.0
Honor,FitnessBand,Band 5,['Olivegreen'],2199.0,2999.0,AMOLED Display,4.4,Plastic,14,800.0
Honor,FitnessBand,Band 4,['Black'],2599.0,2999.0,AMOLED Display,4.4,Plastic,7,400.0
Honor,FitnessBand,Band 5i,['Black'],1799.0,2999.0,LCD Display,4.2,Plastic,14,1200.0
Honor,FitnessBand,band 4 running,['Black'],1649.0,2000.0,AMOLED Display,3.2,Plastic,7,351.0
Honor,FitnessBand,Band Z1,['Black'],5499.0,5499.0,AMOLED Display,3.9,Plastic,14,0.0
Honor,FitnessBand,Band 3,['Black'],4750.0,5499.0,OLED Display,4.3,Plastic,7,749.0
GOQii,FitnessBand,Beat,['Black'],2999.0,2999.0,OLED Display,2.8,Silicone,7,0.0
GOQii,FitnessBand,Vital 3.0,['Black'],3999.0,3999.0,OLED Display,3.1,Silicone,7,0.0
Infinix,FitnessBand,Band 5,"['Black', 'Blue', 'Red']",1499.0,2999.0,TFT-LCD Display,3.8,Silicone,4,1500.0
LCARE,Smartwatch,Watch,['Black'],2995.0,4495.0,OLED Display,3.5,Silicone,7,1500.0
LCARE,FitnessBand,Mambo,['Black'],1699.0,2995.0,OLED Display,3.8,Silicone,4,1296.0
LAVA,FitnessBand,BeFit,['Black'],1999.0,3499.0,LCD Display,3.6,Thermoplastic polyurethane,7,1500.0
Noise,FitnessBand,ColorFit,"['Black', 'Blue']",2199.0,2499.0,LCD Display,3.6,Silicone,3,300.0
Noise,FitnessBand,ColorFit2,"['Black', 'Blue', 'Pink']",1699.0,2499.0,TFT-LCD Display,3.9,Thermoplastic polyurethane,7,800.0
Oppo,Smartwatch,46 mm,"['Black', 'Gold']",14990.0,19990.0,AMOLED Display,3.9,Rubber,14,5000.0
Oppo,Smartwatch,41mm,"['Black', 'Pink', 'Silver']",17990.0,24990.0,AMOLED Display,3.9,Rubber,14,7000.0
realme,Smartwatch,2 Pro,['Gray'],4999.0,5999.0,AMOLED Display,4.4,Silicone,14,1000.0
realme,Smartwatch,2S,['Black'],3499.0,3999.0,AMOLED Display,4.2,Silicone,7,500.0
realme,Smartwatch,S,"['Black', 'White']",4999.0,7999.0,AMOLED Display,4.3,Silicone,14,3000.0
realme,Smartwatch,S,['Black'],6779.0,7999.0,AMOLED Display,4.3,Silicone,14,1220.0
realme,Smartwatch,S Pro,['Black'],9999.0,12999.0,AMOLED Display,4.1,Silicone,14,3000.0
realme,Smartwatch,S Master,['Black'],5999.0,8999.0,AMOLED Display,4.3,Silicone,14,3000.0
realme,Smartwatch,Fashion,['Black'],5400.0,6999.0,TFT-LCD Display,4.0,Silicone,14,1599.0
realme,Smartwatch,Classic,['Black'],3921.0,6999.0,TFT-LCD Display,4.0,Silicone,7,3078.0
Fastrack,Smartwatch,Reflex 3.0,"['Black', 'Pink']",2495.0,2995.0,TFT-LCD Display,3.8,Silicone,7,500.0
Fastrack,Smartwatch,Reflex 3.0,['Black'],2200.0,2995.0,TFT-LCD Display,4.1,Silicone,4,795.0
Fastrack,Smartwatch,Reflex Beat,"['Black', 'Purple']",1645.0,2195.0,TFT-LCD Display,4.0,Silicone,4,550.0
Fastrack,FitnessBand,Reflex Smart Band,"['Black', 'Orange', 'Red']",1595.0,1995.0,OLED Display,4.0,Silicone,4,400.0
Fastrack,FitnessBand,Reflex Smart Band,"['Gray', 'Green']",1195.0,1995.0,OLED Display,4.1,Silicone,4,800.0
Fastrack,Smartwatch,Reflex 2.0,"['Black', 'Green']",1395.0,1995.0,TFT-LCD Display,4.1,Silicone,10,600.0
boAt ,Smartwatch,Storm,"['Black', 'Gray', 'Tealgreen']",2999.0,5990.0,LCD Display,4.1,Thermoplastic polyurethane,7,2991.0
boAt ,Smartwatch,Xplorer,"['Black', 'Blue', 'Red']",3499.0,7990.0,LCD Display,3.8,Thermoplastic polyurethane,10,4491.0
boAt ,Smartwatch,Delta,"['Black', 'Gray', 'Red']",2499.0,5990.0,LCD Display,3.6,Silicone,7,3491.0
boAt ,Smartwatch,O2,"['Black', 'Green']",7990.0,7990.0,LCD Display,4.1,Thermoplastic polyurethane,10,0.0
Noise ,Smartwatch,ColorFit Qube SpO2,"['Black', 'Charcoalgrey', 'Pink']",2499.0,4999.0,AMOLED Display,4.3,Thermoplastic polyurethane,7,2500.0
Noise ,Smartwatch,ColorFit Pro 3,"['Black', 'Blue', 'Gray', 'Green', 'Pink', 'Red']",3999.0,5999.0,AMOLED Display,4.2,Thermoplastic polyurethane,7,2000.0
Noise ,Smartwatch,ColorFit Qube SpO2,"['Beigegold', 'Charcoalblack']",2499.0,4999.0,AMOLED Display,4.3,Thermoplastic polyurethane,7,2500.0
Noise ,Smartwatch,ColorFit Brio,"['Black', 'Pink']",2999.0,5999.0,AMOLED Display,4.3,Thermoplastic polyurethane,10,3000.0
Noise ,Smartwatch,ColorFit Pro 2,"['Black', 'Blue', 'Deepwine', 'Gray', 'Teal']",2699.0,4999.0,AMOLED Display,4.1,Silicone,10,2300.0
Noise ,Smartwatch,Fit Active,"['Black', 'Blue']",3499.0,5999.0,AMOLED Display,4.2,Silicone,7,2500.0
Noise ,Smartwatch,ColorFit Qube,"['Black', 'Green']",2499.0,4999.0,AMOLED Display,4.0,Thermoplastic polyurethane,7,2500.0
Noise ,Smartwatch,ColorFit Pro 2 Oxy,"['Black', 'Blue', 'Red']",2499.0,4999.0,AMOLED Display,4.0,Thermoplastic polyurethane,7,2500.0
Noise ,Smartwatch,ColorFit Brio,"['Black', 'Green']",3499.0,5999.0,AMOLED Display,4.3,Thermoplastic polyurethane,7,2500.0
Noise ,Smartwatch,NoiseFit Endure,"['Black', 'Blue', 'Red']",2999.0,5999.0,AMOLED Display,3.9,Silicone,7,3000.0
Noise ,Smartwatch,NoiseFit Endure,"['Gray', 'Green']",2599.0,5999.0,AMOLED Display,3.9,Silicone,7,3400.0
Noise ,Smartwatch,ColorFit Pro,"['Black', 'Blue']",2513.0,4999.0,AMOLED Display,3.9,Silicone,7,2486.0
Noise ,Smartwatch,ColorFit Pro,"['Gray', 'Green', 'Teal']",2499.0,4999.0,AMOLED Display,3.9,Silicone,7,2500.0
Noise ,Smartwatch,Fit Evolve,"['Black', 'Red']",5499.0,7999.0,AMOLED Display,3.9,Thermoplastic polyurethane,7,2500.0
Noise ,Smartwatch,Fusiom Hybrid,['Blue'],5999.0,9999.0,AMOLED Display,4.0,Thermoplastic polyurethane,7,4000.0
Noise ,Smartwatch,Evolve,"['Black', 'Gray', 'Red']",4999.0,7999.0,AMOLED Display,3.9,Thermoplastic polyurethane,7,3000.0
Noise ,Smartwatch,NoiseFit Endure,"['Black', 'Blue', 'Teal']",2799.0,5999.0,AMOLED Display,3.9,Thermoplastic polyurethane,7,3200.0
Honor,Smartwatch,Z1,['Black'],5499.0,5499.0,OLED Display,3.1,Silicone,14,0.0
Honor,Smartwatch,GS Pro,['Black'],13999.0,20999.0,AMOLED Display,4.4,Nylon,25,7000.0
Honor,Smartwatch,GS Pro,['Blue'],17999.0,20999.0,AMOLED Display,4.4,Nylon,25,3000.0
Honor,Smartwatch,Watch Magic,['Black'],7999.0,17999.0,AMOLED Display,4.3,Silicone,7,10000.0
Honor,Smartwatch,Magic Watch 2,['Brown'],13999.0,15999.0,AMOLED Display,4.4,Leather,14,2000.0
Honor,Smartwatch,Watch ES,"['Black', 'Pink']",4999.0,10999.0,AMOLED Display,4.3,Silicone,10,6000.0
Honor,Smartwatch,Magic Watch,['Brown'],9047.0,17999.0,AMOLED Display,4.3,Silicone,7,8952.0
huami,Smartwatch,Amazfit GTS,['Beige'],5499.0,12999.0,AMOLED Display,4.3,Silicone,14,7500.0
huami,Smartwatch,Amazfit GTS,['Black'],5299.0,12999.0,AMOLED Display,4.3,Silicone,14,7700.0
huami,Smartwatch,Amazfit GTS,['Pink'],5999.0,12999.0,AMOLED Display,4.3,Silicone,14,7000.0
huami,Smartwatch,Amazfit GTS,['Blue'],5499.0,12999.0,AMOLED Display,4.3,Silicone,14,7500.0
huami,Smartwatch,Amazfit Bip U,"['Black', 'Pink']",2999.0,5999.0,AMOLED Display,4.2,Silicone,9,3000.0
huami,Smartwatch,Amazfit Bip S Lite,['Black'],1999.0,4999.0,AMOLED Display,3.9,Silicone,14,3000.0
huami,Smartwatch,Amazfit T-Rex,"['Gray', 'Green']",5999.0,10999.0,AMOLED Display,4.3,Silicone,20,5000.0
huami,Smartwatch,Amazfit GTS 2e,['Purple'],7999.0,13999.0,AMOLED Display,4.2,Silicone,14,6000.0
huami,Smartwatch,Amazfit GTR 2 Aluminium,"['Black', 'Red']",11999.0,17999.0,AMOLED Display,4.1,Silicone,10,6000.0
huami,Smartwatch,Amazfit GTS 2,['Black'],11999.0,17999.0,AMOLED Display,4.1,Silicone,7,6000.0
huami,Smartwatch,Amazfit GTR 2 Stainless Steel,"['Blue', 'Gray']",12499.0,17999.0,AMOLED Display,4.1,Silicone,10,5500.0
huami,Smartwatch,Amazfit Bip,['Black'],5499.0,6999.0,AMOLED Display,4.2,Silicone,28,1500.0
huami,Smartwatch,Amazfit GTR 42 mm Glitter,['White'],9999.0,16999.0,AMOLED Display,4.2,Silicone,12,7000.0
huami,Smartwatch,Amazfit Neo,['Black'],2499.0,3999.0,AMOLED Display,4.2,Thermoplastic polyurethane,7,1500.0
huami,Smartwatch,Amazfit Bip S,['Black'],5299.0,6499.0,AMOLED Display,4.0,Thermoplastic polyurethane,15,1200.0
huami,Smartwatch,Amazfit GTR 42,['Black'],8999.0,12999.0,AMOLED Display,4.3,Silicone,14,4000.0
huami,Smartwatch,Amazfit Stratos 3,['Black'],13999.0,17999.0,AMOLED Display,3.7,Silicone,14,4000.0
huami,Smartwatch,Amazfit GTR 42,['Red'],9999.0,12999.0,AMOLED Display,4.3,Silicone,12,3000.0
huami,Smartwatch,Amazfit Pace,['Black'],9999.0,10999.0,AMOLED Display,4.2,Silicone,14,1000.0
huami,Smartwatch,Amazfit Bip S,['Red'],2999.0,4999.0,AMOLED Display,3.9,Thermoplastic polyurethane,15,2000.0
huami,Smartwatch,Amazfit Bip S,"['Gray', 'Green']",3799.0,4999.0,AMOLED Display,3.9,Thermoplastic polyurethane,15,1200.0
huami,Smartwatch,Amazfit Bip,['Pink'],5499.0,5990.0,AMOLED Display,4.2,Silicone,28,491.0
huami,Smartwatch,Amazfit Bip S,['White'],4999.0,5999.0,AMOLED Display,4.0,Thermoplastic polyurethane,15,1000.0
huami,Smartwatch,Amazfit GTR 47,['Black'],10999.0,18999.0,AMOLED Display,4.2,Silicone,25,8000.0
huami,Smartwatch,Amazfit GTR 47,['Black'],8999.0,13999.0,AMOLED Display,4.3,Silicone,25,5000.0
huami,Smartwatch,Amazfit Verge,['Black'],12999.0,12999.0,AMOLED Display,4.1,Silicone,25,0.0
huami,Smartwatch,Amazfit Verge,['Black'],11999.0,12999.0,AMOLED Display,4.1,Silicone,25,1000.0
huami,Smartwatch,Amazfit Verge,['Black'],5999.0,8999.0,AMOLED Display,4.2,Silicone,14,3000.0
huami,Smartwatch,Amazfit Bip,['Red'],4950.0,5990.0,AMOLED Display,4.2,Silicone,28,1040.0
huami,Smartwatch,Amazfit Verge,['Black'],11999.0,12999.0,AMOLED Display,4.1,Silicone,7,1000.0
huami,Smartwatch,Amazfit Bip,['Purple'],5499.0,6999.0,AMOLED Display,4.2,Silicone,28,1500.0
huami,Smartwatch,Amazfit Stratos,['Black'],12999.0,15999.0,AMOLED Display,4.2,Silicone,25,3000.0
huami,Smartwatch,Amazfit Bip Lite,['Black'],3499.0,5499.0,AMOLED Display,4.0,Thermoplastic polyurethane,7,2000.0
huami,Smartwatch,Amazfit Verge Lite,['Black'],5999.0,8999.0,AMOLED Display,4.2,Silicone,5,3000.0
huami,Smartwatch,Amazfit Bip,['Gray'],6399.0,7399.0,AMOLED Display,4.4,Silicone,28,1000.0
huami,Smartwatch,Bip Lite On,['Black'],7999.0,14999.0,AMOLED Display,4.1,Silicone,7,7000.0
SAMSUNG ,Smartwatch,Galaxy Active 2,"['Beige', 'Black']",11990.0,25990.0,AMOLED Display,4.5,Silicone,7,14000.0
SAMSUNG ,Smartwatch,Galaxy Active 2,['Gray'],12990.0,25990.0,AMOLED Display,4.5,Silicone,7,13000.0
SAMSUNG ,Smartwatch,Galaxy Classic 4,['Black'],32959.0,37999.0,AMOLED Display,4.6,Elastomer,14,5040.0
SAMSUNG ,Smartwatch,Galaxy Classic 4,['Silver'],40000.0,42999.0,AMOLED Display,4.6,Elastomer,14,2999.0
SAMSUNG ,Smartwatch,Galaxy Classic 4,['Silver'],34999.0,37999.0,AMOLED Display,4.6,Elastomer,14,3000.0
SAMSUNG ,Smartwatch,Galaxy Classic 4 LTE,['Black'],28999.0,31999.0,AMOLED Display,5.0,Elastomer,14,3000.0
SAMSUNG ,FitnessBand,Galaxy Fit-e Smart,['Black'],2000.0,2590.0,PMOLED Display,3.8,Rubber,7,590.0
SAMSUNG ,FitnessBand,Galaxy Fit-e Smart,['Yellow'],2490.0,2590.0,PMOLED Display,3.8,Rubber,7,100.0
SAMSUNG ,FitnessBand,Galaxy Fit,['Silver'],8990.0,9990.0,AMOLED Display,4.0,Rubber,7,1000.0
SAMSUNG ,Smartwatch,Galaxy Watch 3,['Black'],28990.0,30990.0,AMOLED Display,4.3,Leather,14,2000.0
SAMSUNG ,Smartwatch,Galaxy Watch 4 LTE,['Black'],31999.0,34999.0,AMOLED Display,4.6,Elastomer,14,3000.0
SAMSUNG ,Smartwatch,Galaxy Watch 4 Classic LTE,['Black'],40000.0,42999.0,AMOLED Display,4.6,Elastomer,14,2999.0
SAMSUNG ,Smartwatch,Galaxy Watch 4 LTE,['Pink'],28999.0,31999.0,AMOLED Display,4.6,Elastomer,14,3000.0
SAMSUNG ,Smartwatch,Galaxy Active 2,['Gray'],18990.0,28490.0,AMOLED Display,4.1,Silicone,14,9500.0
SAMSUNG ,Smartwatch,Galaxy 46mm,['Gray'],16990.0,33999.0,AMOLED Display,4.5,Elastomer,7,17009.0
SAMSUNG ,Smartwatch,Galaxy Classic 4 LTE,"['Green', 'Silver']",36999.0,39999.0,AMOLED Display,4.6,Elastomer,14,3000.0
SAMSUNG ,Smartwatch,Galaxy Active Steel 2 LTE,['Brown'],30990.0,34490.0,AMOLED Display,4.1,Silicone,14,3500.0
SAMSUNG ,Smartwatch,Galaxy Active Steel 2,['Black'],24490.0,31990.0,AMOLED Display,4.3,Silicone,14,7500.0
SAMSUNG ,Smartwatch,Galaxy Classic 4,['Blue'],34999.0,34999.0,AMOLED Display,4.6,Silicone,14,0.0
SAMSUNG ,Smartwatch,Galaxy Active 42mm,['Black'],19990.0,19990.0,AMOLED Display,4.4,Elastomer,14,0.0
SAMSUNG ,Smartwatch,Galaxy 44mm,['Beige'],24490.0,28490.0,AMOLED Display,3.6,Silicone,14,4000.0
SAMSUNG ,Smartwatch,Galaxy LTE,['Silver'],31999.0,31999.0,AMOLED Display,4.6,Elastomer,14,0.0
SAMSUNG ,Smartwatch,Gear Fit 2,['Blue'],15000.0,15000.0,AMOLED Display,4.2,Silicone,7,0.0
SAMSUNG ,Smartwatch,Gear Fit,['Black'],7999.0,16860.0,AMOLED Display,3.9,Silicone,7,8861.0
SAMSUNG ,Smartwatch,Galaxy Active 2 Steel,['Black'],24490.0,31990.0,AMOLED Display,4.4,Leather,14,7500.0
SAMSUNG ,Smartwatch,Gear S2,"['Blue', 'Silver']",24300.0,24300.0,AMOLED Display,4.3,Elastomer,14,0.0
SAMSUNG ,Smartwatch,Galaxy Active Steel,['Blue'],29990.0,34490.0,AMOLED Display,4.1,Silicone,14,4500.0
SAMSUNG ,Smartwatch,Gear Fit 2 Pro,"['Black', 'Red']",9990.0,14990.0,AMOLED Display,4.3,Silicone,7,5000.0
SAMSUNG ,Smartwatch,Gear Fit 2,"['Blue', 'Pink']",15000.0,15000.0,AMOLED Display,4.2,Silicone,7,0.0
SAMSUNG ,Smartwatch,Gear 2,['Black'],19999.0,22550.0,AMOLED Display,2.3,Silicone,14,2551.0
SAMSUNG ,Smartwatch,Neo Gear 2,['Black'],15500.0,16860.0,AMOLED Display,3.9,Rubber,7,1360.0
SAMSUNG ,Smartwatch,Galaxy Active 46mm,['Black'],19990.0,19990.0,AMOLED Display,4.4,Elastomer,14,0.0
SAMSUNG ,Smartwatch,Galaxy Watch LTE,['Beige'],27490.0,29989.0,AMOLED Display,4.2,Silicone,14,2499.0
SAMSUNG ,Smartwatch,Galaxy 42,['Gray'],21989.0,25990.0,AMOLED Display,4.6,Elastomer,14,4001.0
SAMSUNG ,Smartwatch,Gear Live,['Black'],15900.0,15900.0,AMOLED Display,4.2,Rubber,7,0.0
SAMSUNG ,Smartwatch,Gear Fit 2,"['Black', 'Blue']",15000.0,15000.0,AMOLED Display,4.2,Silicone,7,0.0
SAMSUNG ,Smartwatch,Galaxy Watch 3,['Black'],39490.0,39490.0,AMOLED Display,4.3,Leather,14,0.0
SAMSUNG ,Smartwatch,Galaxy 42,['Black'],24989.0,25990.0,AMOLED Display,4.6,Elastomer,14,1001.0
SAMSUNG ,Smartwatch,Gear S3 Frontier,['Black'],22990.0,28500.0,AMOLED Display,4.3,Silicone,14,5510.0
SAMSUNG ,Smartwatch,Gear Sport,['Black'],15999.0,22990.0,AMOLED Display,3.0,Silicone,7,6991.0
SAMSUNG ,Smartwatch,Gear S2 Classic,['Black'],18999.0,34550.0,AMOLED Display,4.2,Leather,14,15551.0
SAMSUNG ,Smartwatch,T-Mobile,['Black'],21990.0,22990.0,AMOLED Display,4.3,Leather,14,1000.0
SAMSUNG ,Smartwatch,Gear S2,['Silver'],24300.0,24300.0,AMOLED Display,4.1,Elastomer,14,0.0
SAMSUNG ,Smartwatch,R600NZBAXAR 600,['Blue'],21390.0,25155.0,AMOLED Display,4.5,Rubber,14,3765.0
SAMSUNG ,Smartwatch,Gear S2 Classic,['Black'],18999.0,30000.0,AMOLED Display,4.2,Leather,14,11001.0
SAMSUNG ,Smartwatch,Gear R730V S2,['Gray'],18532.0,22498.0,AMOLED Display,4.6,Elastomer,14,3966.0
SAMSUNG ,Smartwatch,Galaxy Gear,['Gold'],50408.0,60241.0,AMOLED Display,3.2,Rubber,14,9833.0
SAMSUNG ,FitnessBand,Activity Tracker,['Black'],13201.0,15885.0,PMOLED Display,4.2,Rubber,7,2684.0
FOSSIL ,Smartwatch,Gen 5 Carlyle HR,['Black'],15995.0,22995.0,AMOLED Display,4.2,Leather,2,7000.0
FOSSIL ,Smartwatch,Gen 5 Carlyle HR,"['Brown', 'Gray']",14995.0,22995.0,AMOLED Display,4.2,Leather,2,8000.0
FOSSIL ,Smartwatch,Gen 5 Garrett HR,['Silver'],15995.0,22995.0,AMOLED Display,4.1,Stainless Steel,2,7000.0
FOSSIL ,Smartwatch,Gen 5 Julianna HR,['Gold'],18495.0,18495.0,AMOLED Display,3.8,Stainless Steel,2,0.0
FOSSIL ,Smartwatch,Gen 5 Julianna HR,['Black'],18995.0,22995.0,AMOLED Display,4.3,Stainless Steel,2,4000.0
FOSSIL ,Smartwatch,Latitude Hybrid HR,['Black'],12396.0,14995.0,AMOLED Display,4.3,Stainless Steel,14,2599.0
FOSSIL ,Smartwatch,Gen 5 Garrett HR,['Black'],14995.0,22995.0,AMOLED Display,4.1,Stainless Steel,2,8000.0
FOSSIL ,Smartwatch,FB-01 Hybrid HR,['Black'],12396.0,14995.0,AMOLED Display,4.0,Silicone,14,2599.0
FOSSIL ,Smartwatch,Gen 5 Julianna HR,['Silver'],18495.0,18495.0,AMOLED Display,3.8,Stainless Steel,2,0.0
FOSSIL ,Smartwatch,Collider Hybrid,['Black'],16495.0,16495.0,AMOLED Display,4.0,Silicone,14,0.0
FOSSIL ,Smartwatch,Collider Hybrid,"['Brown', 'Gray']",14995.0,14995.0,AMOLED Display,4.0,Silicone,14,0.0
FOSSIL ,Smartwatch,Sadie Hybrid,['Silver'],8995.0,13495.0,AMOLED Display,4.0,Stainless Steel,10,4500.0
FOSSIL ,Smartwatch,FB-01 Hybrid HR,"['Black', 'Silver']",14021.0,16495.0,AMOLED Display,4.0,Stainless Steel,14,2474.0
FOSSIL ,Smartwatch,Commuter,['Black'],11995.0,11995.0,AMOLED Display,4.3,Leather,14,0.0
FOSSIL ,Smartwatch,Latitude Hybrid HR,['Gray'],13196.0,16495.0,AMOLED Display,4.3,Stainless Steel,14,3299.0
FOSSIL ,Smartwatch,Sport,['Multicolor'],17995.0,17995.0,AMOLED Display,3.9,Silicone,2,0.0
FOSSIL ,Smartwatch,Charter Hybrid HR,['Gold'],13196.0,16495.0,AMOLED Display,3.9,Leather,12,3299.0
FOSSIL ,Smartwatch,Carlie Hybrid,['Gold'],13495.0,13495.0,AMOLED Display,4.6,Stainless Steel,12,0.0
FOSSIL ,Smartwatch,Carlie,['Beige'],11995.0,11995.0,AMOLED Display,4.8,Leather,10,0.0
FOSSIL ,Smartwatch,Neutra Hybrid,['Silver'],13495.0,13495.0,AMOLED Display,5.0,Stainless Steel,12,0.0
FOSSIL ,Smartwatch,Q Venture,['Blue'],19999.0,21995.0,AMOLED Display,3.8,Leather,1,1996.0
FOSSIL ,Smartwatch,Jacqueline,['Gold'],13495.0,13495.0,AMOLED Display,4.6,Leather,1,0.0
FOSSIL ,Smartwatch,Q Neely,['Black'],6995.0,12995.0,AMOLED Display,4.6,Leather,2,6000.0
FOSSIL ,Smartwatch,FTW5018 Hybrid,['Gold'],11596.0,14495.0,AMOLED Display,4.5,Stainless Steel,2,2899.0
FOSSIL ,Smartwatch,FTW5012 Hybrid,['Brown'],9097.0,12995.0,AMOLED Display,4.6,Leather,2,3898.0
FOSSIL ,Smartwatch,Jacqueline Hybrid,['Rosegold'],10796.0,13495.0,AMOLED Display,4.0,Leather,12,2699.0
FOSSIL ,Smartwatch,Q Annette,['Gold'],6995.0,13495.0,AMOLED Display,4.6,Leather,1,6500.0
FOSSIL ,Smartwatch,Gen 5 Julianna HR,['Gray'],15995.0,22995.0,AMOLED Display,4.3,Stainless Steel,2,7000.0
FOSSIL ,Smartwatch,FTW6007,['Brown'],19995.0,19995.0,AMOLED Display,4.1,Leather,2,0.0
FOSSIL ,Smartwatch,Gen 5E,"['Black', 'Silver']",18495.0,18495.0,AMOLED Display,3.8,Stainless Steel,1,0.0
FOSSIL ,Smartwatch,Neutra Hybrid,"['Black', 'Brown']",11995.0,11995.0,AMOLED Display,5.0,Leather,12,0.0
FOSSIL ,Smartwatch,Gen 5 Julianna HR,['Blue'],15995.0,22995.0,AMOLED Display,4.3,Stainless Steel,2,7000.0
FOSSIL ,Smartwatch,FTW1151 Hybrid,['Gold'],8995.0,11995.0,AMOLED Display,4.3,Leather,2,3000.0
FOSSIL ,Smartwatch,Barstow Hybrid,['Brown'],8995.0,11995.0,AMOLED Display,4.6,Leather,12,3000.0
FOSSIL ,Smartwatch,Wander RG,['Black'],18995.0,18995.0,AMOLED Display,4.0,Silicone,5,0.0
FOSSIL ,Smartwatch,Charter Hybrid HR,['Black'],14021.0,16495.0,AMOLED Display,3.9,Leather,12,2474.0
FOSSIL ,Smartwatch,Q Wander,['Gold'],19995.0,19995.0,AMOLED Display,4.0,Stainless Steel,1,0.0
FOSSIL ,Smartwatch,Q Founder,['Silver'],19995.0,19995.0,AMOLED Display,4.2,Stainless Steel,1,0.0
FOSSIL ,Smartwatch,Garrett Hybrid,['Black'],6995.0,11995.0,AMOLED Display,3.7,Stainless Steel,12,5000.0
FOSSIL ,Smartwatch,Q Explorist,['Black'],19995.0,19995.0,AMOLED Display,4.4,Leather,2,0.0
FOSSIL ,Smartwatch,Marshall,['Gray'],18995.0,18995.0,AMOLED Display,4.0,Stainless Steel,1,0.0
FOSSIL ,Smartwatch,Gen 3 Q Venture,"['Black', 'Gold']",15396.0,21995.0,AMOLED Display,4.3,Stainless Steel,1,6599.0
FOSSIL ,Smartwatch,FTW4003,['Brown'],19995.0,19995.0,AMOLED Display,3.1,Leather,2,0.0
FOSSIL ,Smartwatch,Gen 5E,"['Gray', 'Multicolor']",18495.0,18495.0,AMOLED Display,4.6,Stainless Steel,1,0.0
FOSSIL ,Smartwatch,Sport 43,['Black'],9995.0,17995.0,AMOLED Display,4.0,Silicone,2,8000.0
FOSSIL ,Smartwatch,The Carlyle HR,['Black'],25995.0,25995.0,AMOLED Display,4.2,Leather,14,0.0
FOSSIL ,Smartwatch,Garrett HR,['Gold'],15995.0,22995.0,AMOLED Display,4.1,Stainless Steel,14,7000.0
FOSSIL ,Smartwatch,4th Gen Explorist HR,['Gray'],10998.0,21995.0,AMOLED Display,3.9,Stainless Steel,2,10997.0
FOSSIL ,Smartwatch,Sport,['Red'],17995.0,17995.0,AMOLED Display,4.6,Silicone,2,0.0
FOSSIL ,Smartwatch,FTW6001,['Gold'],21995.0,21995.0,AMOLED Display,4.2,Stainless Steel,2,0.0
FOSSIL ,Smartwatch,Q Founder 2.0,['Black'],19995.0,19995.0,AMOLED Display,4.2,Stainless Steel,1,0.0
FOSSIL ,Smartwatch,Cameron Hybrid,['Black'],8995.0,13495.0,AMOLED Display,4.6,Stainless Steel,12,4500.0
FOSSIL ,Smartwatch,Gen 3 Q Explorist,['Black'],15749.0,19995.0,AMOLED Display,4.1,Stainless Steel,2,4246.0
FOSSIL ,Smartwatch,4th Gen Venture HR,['Black'],17596.0,21995.0,AMOLED Display,3.9,Stainless Steel,14,4399.0
FOSSIL ,Smartwatch,FTW6005,['Black'],19995.0,19995.0,AMOLED Display,3.8,Stainless Steel,2,0.0
FOSSIL ,Smartwatch,Marshall,['Black'],19995.0,19995.0,AMOLED Display,4.1,Stainless Steel,1,0.0
FOSSIL ,Smartwatch,Garrett Hybrid,['Brown'],11995.0,11995.0,AMOLED Display,3.7,Leather,12,0.0
FOSSIL ,Smartwatch,4th Gen Venture HR,['Silver'],10997.0,21995.0,AMOLED Display,3.9,Stainless Steel,14,10998.0
FOSSIL ,Smartwatch,Marshall,['Blue'],19995.0,19995.0,AMOLED Display,4.1,Stainless Steel,1,0.0
FOSSIL ,Smartwatch,FTW1161 Hybrid,['Gold'],8995.0,14495.0,AMOLED Display,4.3,Stainless Steel,2,5500.0
FOSSIL ,Smartwatch,FTW1142 Q Hybrid,['Silver'],9796.0,13995.0,AMOLED Display,3.7,Stainless Steel,2,4199.0
FOSSIL ,Smartwatch,Jacqueline Hybrid,['Navy'],8995.0,13495.0,AMOLED Display,4.0,Leather,12,4500.0
FOSSIL ,Smartwatch,Gen 3 Q Explorist,['Blue'],15034.0,15034.0,AMOLED Display,4.3,Stainless Steel,2,0.0
FOSSIL ,Smartwatch,Gen 5 Julianna HR,['White'],14995.0,22995.0,AMOLED Display,4.3,Stainless Steel,2,8000.0
FOSSIL ,Smartwatch,Cameron Hybrid Smartwatch,['Blue'],13495.0,13495.0,AMOLED Display,4.6,Leather,12,0.0
FOSSIL ,Smartwatch,Gen 3 Q Venture,['Silver'],19995.0,19995.0,AMOLED Display,4.3,Stainless Steel,1,0.0
FOSSIL ,Smartwatch,Jacqueline Hybrid,['Black'],11995.0,11995.0,AMOLED Display,4.6,Leather,12,0.0
FOSSIL ,Smartwatch,Q Annette,['Silver'],6995.0,11995.0,AMOLED Display,4.6,Silicone,1,5000.0
FOSSIL ,Smartwatch,Sport 43,['Blue'],9995.0,17995.0,AMOLED Display,4.0,Silicone,2,8000.0
FOSSIL ,Smartwatch,Sport 41,"['Black', 'Blue', 'Gray']",17995.0,17995.0,AMOLED Display,4.0,Silicone,2,0.0
FOSSIL ,Smartwatch,Gen 3 Q Explorist,['Gray'],21995.0,21995.0,AMOLED Display,4.4,Stainless Steel,2,0.0
FOSSIL ,Smartwatch,Marshall,['Silver'],18995.0,18995.0,AMOLED Display,4.0,Stainless Steel,1,0.0
FOSSIL ,Smartwatch,Q Jacqueline,['Gold'],13495.0,13495.0,AMOLED Display,4.4,Silicone,1,0.0
FOSSIL ,Smartwatch,Garrett,['Brown'],8995.0,11995.0,AMOLED Display,3.7,Leather,1,3000.0
FOSSIL ,Smartwatch,Machine Hybrid,"['Brown', 'Silver']",11995.0,11995.0,AMOLED Display,4.6,Stainless Steel,12,0.0
FOSSIL ,Smartwatch,Sloan HR,['Black'],24495.0,24495.0,AMOLED Display,4.1,Silicone,14,0.0
FOSSIL ,Smartwatch,Sloan HR,['Blue'],21995.0,21995.0,AMOLED Display,4.1,Silicone,14,0.0
FOSSIL ,Smartwatch,Garrett Hybrid,['Silver'],10496.0,14995.0,AMOLED Display,3.7,Stainless Steel,12,4499.0
FOSSIL ,Smartwatch,4th Gen Venture HR,['Black'],13195.0,21995.0,AMOLED Display,3.9,Stainless Steel,14,8800.0
FOSSIL ,Smartwatch,Gen 3 Q Explorist,['Silver'],3999.0,19995.0,AMOLED Display,4.2,Stainless Steel,2,15996.0
FOSSIL ,Smartwatch,Charter Hybrid HR,['Silver'],12396.0,14995.0,AMOLED Display,3.9,Leather,12,2599.0
FOSSIL ,Smartwatch,Q Wander,['Silver'],11997.0,19995.0,AMOLED Display,4.1,Stainless Steel,1,7998.0
FOSSIL ,Smartwatch,Neely,['White'],8995.0,13495.0,AMOLED Display,4.7,Leather,1,4500.0
FOSSIL ,Smartwatch,Rose Gold Smart,['Rosegold'],21995.0,21995.0,AMOLED Display,4.6,Stainless Steel,3,0.0
FOSSIL ,Smartwatch,Q Founder 2.0,['Blue'],11397.0,18995.0,AMOLED Display,4.1,Stainless Steel,1,7598.0
FOSSIL ,Smartwatch,FTW1159 Hybrid,['Gold'],8995.0,12995.0,AMOLED Display,5.0,Stainless Steel,2,4000.0
FOSSIL ,Smartwatch,Q Wander,['Silver'],3799.0,18995.0,AMOLED Display,4.0,Stainless Steel,1,15196.0
FOSSIL ,Smartwatch,FTW4010 Gold HR,['Gold'],15995.0,15995.0,AMOLED Display,4.8,Stainless Steel,6,0.0
FOSSIL ,Smartwatch,FTW6009 Black HR,['Black'],13995.0,13995.0,AMOLED Display,4.1,Leather,14,0.0
FOSSIL ,Smartwatch,Eleanor Hybrid,"['Brown', 'Gold']",6995.0,11995.0,AMOLED Display,4.6,Stainless Steel,12,5000.0
FOSSIL ,Smartwatch,FTW1146 Q Hybrid,['Gold'],11995.0,11995.0,AMOLED Display,4.6,Leather,2,0.0
FOSSIL ,Smartwatch,Jacqueline Hybrid,['Blue'],6995.0,11995.0,AMOLED Display,4.6,Leather,12,5000.0
FOSSIL ,Smartwatch,FTW20013 Q,['Black'],21495.0,21495.0,AMOLED Display,4.6,Leather,2,0.0
FOSSIL ,Smartwatch,FTW5016 Hybrid,['Silver'],6995.0,14495.0,AMOLED Display,4.6,Stainless Steel,2,7500.0
FOSSIL ,Smartwatch,FTW5017 Hybrid,['Gold'],14495.0,14495.0,AMOLED Display,4.6,Stainless Steel,2,0.0
FOSSIL ,Smartwatch,FTW1141 Q Hybrid,['Silver'],6995.0,11995.0,AMOLED Display,4.6,Stainless Steel,2,5000.0
FOSSIL ,Smartwatch,Sport,['Black'],17995.0,17995.0,AMOLED Display,4.6,Silicone,2,0.0
FOSSIL ,Smartwatch,FTW5003 Hybrid,['Gold'],12995.0,12995.0,AMOLED Display,4.6,Stainless Steel,2,0.0
FOSSIL ,Smartwatch,Jacqueline Hybrid,['Silver'],13495.0,13495.0,AMOLED Display,4.6,Leather,12,0.0
FOSSIL ,Smartwatch,Commuter Hybrid,['Brown'],8995.0,11995.0,AMOLED Display,4.6,Leather,12,3000.0
FOSSIL ,Smartwatch,Q MACHINE,['Gray'],6995.0,6995.0,AMOLED Display,4.6,Stainless Steel,1,0.0
FOSSIL ,Smartwatch,FB-01 Hybrid,"['Blue', 'Silver']",8995.0,13495.0,AMOLED Display,3.9,Silicone,14,4500.0
FOSSIL ,Smartwatch,Q Jacqueline,['Silver'],8995.0,13495.0,AMOLED Display,4.4,Silicone,1,4500.0
FOSSIL ,Smartwatch,Q GRANT,['Gray'],6995.0,6995.0,AMOLED Display,4.6,Stainless Steel,7,0.0
FOSSIL ,Smartwatch,FTW2114 Q,['Black'],18995.0,18995.0,AMOLED Display,4.6,Stainless Steel,2,0.0
FOSSIL ,Smartwatch,FTW1140 Q Hybrid,['Blue'],6995.0,13995.0,AMOLED Display,3.8,Stainless Steel,2,7000.0
FOSSIL ,Smartwatch,Garrett HR,['Gray'],14995.0,22995.0,AMOLED Display,4.1,Leather,14,8000.0
FOSSIL ,Smartwatch,FTW1134 Q Hybrid,['Gray'],11995.0,11995.0,AMOLED Display,4.6,Stainless Steel,2,0.0
FOSSIL ,Smartwatch,Carlie Hybrid,['Black'],6995.0,11995.0,AMOLED Display,4.6,Stainless Steel,12,5000.0
FOSSIL ,Smartwatch,Q Control,['Multicolor'],15995.0,15995.0,AMOLED Display,4.3,Silicone,1,0.0
FOSSIL ,Smartwatch,Q Control,['Brown'],15995.0,15995.0,AMOLED Display,4.3,Silicone,1,0.0
FOSSIL ,Smartwatch,FTW1144 Q Hybrid,['Black'],8995.0,13995.0,AMOLED Display,4.6,Leather,2,5000.0
FOSSIL ,Smartwatch,Rose Gold HR,['Rosegold'],21995.0,21995.0,AMOLED Display,2.8,Stainless Steel,3,0.0
FOSSIL ,Smartwatch,5th Gen Julianna,['Black'],15995.0,22995.0,AMOLED Display,4.6,Stainless Steel,1,7000.0
FOSSIL ,Smartwatch,Q Venture,['White'],4399.0,21995.0,AMOLED Display,3.8,Leather,1,17596.0
FOSSIL ,Smartwatch,Q Machine,['Black'],10796.0,13495.0,AMOLED Display,4.6,Stainless Steel,1,2699.0
FOSSIL ,Smartwatch,FTW1145 Q Hybrid,['Gray'],6995.0,13995.0,AMOLED Display,4.6,Leather,2,7000.0
FOSSIL ,Smartwatch,FTW5011 Hybrid,['Black'],8995.0,14495.0,AMOLED Display,4.8,Leather,2,5500.0
FOSSIL ,Smartwatch,FTW2120SET Q,['Gray'],23995.0,23995.0,AMOLED Display,4.6,Leather,2,0.0
FOSSIL ,Smartwatch,FTW1136 Q Hybrid,['Blue'],11995.0,11995.0,AMOLED Display,4.6,Leather,2,0.0
FOSSIL ,Smartwatch,Q Venture,['Beige'],15995.0,15995.0,AMOLED Display,4.6,Leather,1,0.0
FOSSIL ,Smartwatch,FTW2115 Q Watch,['Red'],18995.0,18995.0,AMOLED Display,4.6,Stainless Steel,2,0.0
FOSSIL ,Smartwatch,FTW6010 Pink HR,['Pink'],15995.0,15995.0,AMOLED Display,4.4,Stainless Steel,14,0.0
FOSSIL ,Smartwatch,Q ACTIVIST,['Brown'],6995.0,6995.0,AMOLED Display,3.0,leather,1,0.0
FOSSIL ,Smartwatch,Carlie Hybrid,['Silver'],8995.0,13495.0,AMOLED Display,4.6,Stainless Steel,12,4500.0
FOSSIL ,Smartwatch,FTW1154 Hybrid,['Black'],8995.0,12995.0,AMOLED Display,4.3,Stainless Steel,2,4000.0
FOSSIL ,Smartwatch,FTW5015 Hybrid,['Blue'],6995.0,14495.0,AMOLED Display,3.0,Stainless Steel,2,7500.0
FOSSIL ,Smartwatch,Sport,['Gray'],17995.0,17995.0,AMOLED Display,4.6,Silicone,2,0.0
FOSSIL ,Smartwatch,Sloan HR,['Gold'],21995.0,21995.0,AMOLED Display,4.1,Silicone,14,0.0
FOSSIL ,Smartwatch,Q GRANT,['Black'],6995.0,6995.0,AMOLED Display,4.6,Stainless Steel,7,0.0
FOSSIL ,Smartwatch,Sport 41,"['Green', 'Red']",9995.0,17995.0,AMOLED Display,4.0,Silicone,2,8000.0
FOSSIL ,Smartwatch,FTW6006 Gold HR,['Gold'],21995.0,21995.0,AMOLED Display,3.7,Stainless Steel,6,0.0
APPLE,Smartwatch,Series 3 GPS - 42 mm Space Grey Aluminium Case,['Black'],18900.0,23900.0,OLED Retina Display,4.6,Aluminium,1,5000.0
APPLE,Smartwatch,SE 44 mm Space Grey Aluminium Case,['Black'],30400.0,32900.0,OLED Retina Display,4.7,Aluminium,1,2500.0
APPLE,Smartwatch,Series 3 GPS - 38 mm Space Grey Aluminium Case,['Black'],16900.0,20900.0,OLED Retina Display,4.6,Aluminium,1,4000.0
APPLE,Smartwatch,SE GPS + Cellular 44 mm Aluminium Case,['Black'],36900.0,36900.0,OLED Retina Display,4.6,Aluminium,1,0.0
APPLE,Smartwatch,SE GPS + Cellular 40 mm Space Grey Aluminium Case,['Charcoal'],31400.0,33900.0,OLED Retina Display,4.6,Aluminium,1,2500.0
APPLE,Smartwatch,SE 40 mm Space Grey Aluminium Case,"['Black', 'Pink', 'White']",27400.0,29900.0,OLED Retina Display,4.7,Aluminium,1,2500.0
APPLE,Smartwatch,Series 6 GPS + Cellular 40 mm Red Aluminium Case,['Red'],45690.0,49900.0,OLED Retina Display,4.5,Aluminium,1,4210.0
APPLE,Smartwatch,SE 44 mm Gold Aluminium Case,['Pinksand'],30400.0,32900.0,OLED Retina Display,4.7,Aluminium,1,2500.0
APPLE,Smartwatch,SE GPS + Cellular 40 mm Gold Aluminium Case,['Plum'],31400.0,33900.0,OLED Retina Display,4.6,Aluminium,1,2500.0
APPLE,Smartwatch,SE GPS + Cellular 40 mm Aluminium Case,['Black'],33900.0,33900.0,OLED Retina Display,4.6,Aluminium,1,0.0
APPLE,Smartwatch,Series 6 GPS 40 mm Silver Aluminium Case,['White'],37490.0,40900.0,OLED Retina Display,4.5,Aluminium,1,3410.0
APPLE,Smartwatch,Series 6 GPS + Cellular 40 mm Blue Aluminium Case,['Deepnavy'],45690.0,49900.0,OLED Retina Display,4.5,Aluminium,1,4210.0
APPLE,Smartwatch,Series 6 GPS + Cellular 40 mm Graphite Stainless Steel Case,['Graphitemilanese'],67900.0,73900.0,OLED Retina Display,4.5,Stainless Steel,1,6000.0
APPLE,Smartwatch,Series 6 GPS 44 mm Red Aluminium Case,['Red'],40190.0,43900.0,OLED Retina Display,4.5,Aluminium,1,3710.0
APPLE,Smartwatch,SE GPS 44 mm Aluminium Case,['Black'],32900.0,32900.0,OLED Retina Display,4.7,Aluminium,1,0.0
APPLE,Smartwatch,Series 6 GPS + Cellular 40 mm Space Grey Aluminium Case,['Black'],45690.0,49900.0,OLED Retina Display,4.5,Aluminium,1,4210.0
APPLE,Smartwatch,Series 6 GPS + Cellular 40 mm Space Grey Aluminium Case,['White'],69900.0,69900.0,OLED Retina Display,4.2,Aluminium,1,0.0
APPLE,Smartwatch,Series 5 GPS + Cellular 40 mm Space Black Stainless Steel Case,['Blackmilanese'],69900.0,69900.0,OLED Retina Display,4.6,Stainless Steel,1,0.0
APPLE,Smartwatch,Series 5 GPS + Cellular 44 mm Gold Stainless Steel Case,['Goldmilanese'],73900.0,73900.0,OLED Retina Display,4.2,Stainless Steel,1,0.0
APPLE,Smartwatch,Series 6 GPS 44 mm Blue Aluminium Case,['Deepnavy'],43900.0,43900.0,OLED Retina Display,4.5,Aluminium,1,0.0
APPLE,Smartwatch,Series 6 GPS + Cellular 44 mm Silver Aluminium Case,['White'],48490.0,52900.0,OLED Retina Display,4.5,Aluminium,1,4410.0
APPLE,Smartwatch,Series 6 GPS + Cellular 40 mm Gold Aluminium Case,['Pinksand'],45690.0,49900.0,OLED Retina Display,4.5,Aluminium,1,4210.0
APPLE,Smartwatch,Series 6 GPS + Cellular 40 mm Gold Stainless Steel Case,['Cyprusgreen'],69900.0,69900.0,OLED Retina Display,4.5,Stainless Steel,1,0.0
APPLE,Smartwatch,Series 5 GPS + Cellular 40 mm Stainless Steel Case,['White'],65900.0,65900.0,OLED Retina Display,3.4,Stainless Steel,1,0.0
APPLE,Smartwatch,Series 5 GPS + Cellular 44 mm Gold Aluminium Case,['Pinksand'],52900.0,52900.0,OLED Retina Display,4.7,Aluminium,1,0.0
APPLE,Smartwatch,Series 5 GPS + Cellular 44 mm Space Grey Aluminium Case,['Black'],52900.0,52900.0,OLED Retina Display,4.7,Aluminium,1,0.0
APPLE,Smartwatch,Series 2 - 38 mm Stainless Steel Case,['Saddlebrown'],56900.0,56900.0,OLED Retina Display,4.6,Stainless Steel,1,0.0
APPLE,Smartwatch,Series 2 - 42 mm Stainless Steel Case,['White'],50400.0,50400.0,OLED Retina Display,4.7,Stainless Steel,1,0.0
APPLE,Smartwatch,Series 2 - 42 mm Space Black Stainless Steel Case,['Spaceblack'],50400.0,50400.0,OLED Retina Display,4.7,Stainless Steel,1,0.0
APPLE,Smartwatch,Series 5 GPS + Cellular 40 mm Space Grey Aluminium Case,['Black'],39990.0,49900.0,OLED Retina Display,4.5,Aluminium,1,9910.0
APPLE,Smartwatch,Series 6 GPS + Cellular 40 mm Silver Aluminium Case,['White'],45690.0,49900.0,OLED Retina Display,4.5,Aluminium,1,4210.0
APPLE,Smartwatch,Series 6 GPS + Cellular 40 mm Gold Stainless Steel Case,['Goldmilanese'],67900.0,73900.0,OLED Retina Display,4.5,Stainless Steel,1,6000.0
APPLE,Smartwatch,SE GPS 40 mm Aluminium Case,['Black'],29900.0,29900.0,OLED Retina Display,4.7,Aluminium,1,0.0
APPLE,Smartwatch,Series 5 GPS + Cellular 44 mm Stainless Steel Case,['Stainlesssteelmilanese'],73900.0,73900.0,OLED Retina Display,4.2,Stainless Steel,1,0.0
APPLE,Smartwatch,Series 5 GPS + Cellular 44 mm Gold Stainless Steel Case,['Stone'],69900.0,69900.0,OLED Retina Display,4.2,Stainless Steel,1,0.0
APPLE,Smartwatch,Series 5 GPS 40 mm Silver Aluminium Case,['White'],40900.0,40900.0,OLED Retina Display,4.7,Aluminium,1,0.0
APPLE,Smartwatch,Series 7 GPS 45 mm,['Black'],44900.0,44900.0,OLED Retina Display,5.0,Silicone,1,0.0
APPLE,Smartwatch,SE GPS + Cellular 44 mm Space Grey Aluminium Case,['Charcoal'],33900.0,36900.0,OLED Retina Display,4.6,Aluminium,1,3000.0
APPLE,Smartwatch,SE GPS + Cellular 40 mm Space Grey Aluminium Case,['Black'],31400.0,33900.0,OLED Retina Display,4.6,Aluminium,1,2500.0
APPLE,Smartwatch,Series 6 GPS + Cellular 44 mm Space Grey Aluminium Case,['Black'],48490.0,52900.0,OLED Retina Display,4.5,Aluminium,1,4410.0
APPLE,Smartwatch,Series 7 GPS + Cellular 41 mm Aluminium,['Black'],50900.0,50900.0,OLED Retina Display,4.6,Aluminium,1,0.0
APPLE,Smartwatch,"Series 7 GPS + Cellular, 45 mm Aluminium",['Black'],53900.0,53900.0,OLED Retina Display,4.6,Aluminium,1,0.0
APPLE,Smartwatch,SE GPS + Cellular 40 mm Silver Aluminium Case,['White'],31400.0,33900.0,OLED Retina Display,4.6,Aluminium,1,2500.0
APPLE,Smartwatch,Series 6 GPS 40 mm Blue Aluminium Case,['Deepnavy'],37490.0,40900.0,OLED Retina Display,4.5,Aluminium,1,3410.0
APPLE,Smartwatch,SE GPS + Cellular 40 mm Silver Aluminium Case,['Deepnavy'],31400.0,33900.0,OLED Retina Display,4.6,Aluminium,1,2500.0
APPLE,Smartwatch,Series 6 GPS 40 mm Gold Aluminium Case,['Pinksand'],37490.0,40900.0,OLED Retina Display,4.5,Aluminium,1,3410.0
APPLE,Smartwatch,SE GPS + Cellular 44 mm Space Grey Aluminium Case,['Black'],33900.0,36900.0,OLED Retina Display,4.6,Aluminium,1,3000.0
APPLE,Smartwatch,SE GPS + Cellular 40 mm Gold Aluminium Case,['Pinksand'],31400.0,33900.0,OLED Retina Display,4.6,Aluminium,1,2500.0
APPLE,Smartwatch,Series 6 GPS + Cellular 44 mm Red Aluminium Case,['Red'],48490.0,52900.0,OLED Retina Display,4.5,Aluminium,1,4410.0
APPLE,Smartwatch,Series 6 GPS 40 mm Space Grey Aluminium Case,['Black'],37490.0,40900.0,OLED Retina Display,4.5,Aluminium,1,3410.0
APPLE,Smartwatch,Series 6 GPS + Cellular 44 mm Silver Stainless Steel Case,['Silvermilanese'],77900.0,77900.0,OLED Retina Display,4.5,Stainless Steel,1,0.0
APPLE,Smartwatch,Nike Series 5 GPS + Cellular 44 mm,['Black'],52900.0,52900.0,OLED Retina Display,4.7,Silicone,1,0.0
APPLE,Smartwatch,Series 6 GPS + Cellular 44 mm Blue Aluminium Case,['Deepnavy'],48490.0,52900.0,OLED Retina Display,4.5,Aluminium,1,4410.0
APPLE,Smartwatch,SE GPS + Cellular 40 mm Gold Aluminium Case,['Silvermilanese'],67900.0,73900.0,OLED Retina Display,4.5,Aluminium,1,6000.0
APPLE,Smartwatch,SE GPS + Cellular 44 mm Gold Aluminium Case,['Pinksand'],33900.0,36900.0,OLED Retina Display,4.6,Aluminium,1,3000.0
APPLE,Smartwatch,SE GPS + Cellular 44 mm Silver Aluminium Case,['Deepnavy'],33900.0,36900.0,OLED Retina Display,4.6,Aluminium,1,3000.0
APPLE,Smartwatch,Series 6 GPS 44 mm Space Grey Aluminium Case,['Black'],40190.0,43900.0,OLED Retina Display,4.5,Aluminium,1,3710.0
APPLE,Smartwatch,SE GPS + Cellular 44 mm Silver Aluminium Case,['White'],33900.0,36900.0,OLED Retina Display,4.6,Aluminium,1,3000.0
APPLE,Smartwatch,Series 6 GPS 44 mm Silver Aluminium Case,['White'],43900.0,43900.0,OLED Retina Display,4.5,Aluminium,1,0.0
APPLE,Smartwatch,Series 6 GPS + Cellular 44 mm Graphite Stainless Steel Case,['Black'],67900.0,73900.0,OLED Retina Display,4.5,Stainless Steel,1,6000.0
APPLE,Smartwatch,SE GPS + Cellular 44 mm Gold Aluminium Case,['Plum'],33900.0,36900.0,OLED Retina Display,4.6,Aluminium,1,3000.0
APPLE,Smartwatch,SE GPS + Cellular 44 mm Gold Aluminium Case,['Pinksand'],43900.0,43900.0,OLED Retina Display,4.5,Aluminium,1,0.0
APPLE,Smartwatch,Series 5 GPS + Cellular 44 mm Space Black Stainless Steel Case,['Black'],69900.0,69900.0,OLED Retina Display,4.2,Stainless Steel,1,0.0
APPLE,Smartwatch,42 mm White Ceramic Case with Cloud Sport,['Cloud'],114900.0,114900.0,OLED Retina Display,4.7,Nylon,1,0.0
APPLE,Smartwatch,Series 7 GPS 41 mm Aluminium Case,['Black'],41900.0,41900.0,OLED Retina Display,5.0,Aluminium,1,0.0
APPLE,Smartwatch,38 mm Space Black Stainless Steel Case,['Black'],48900.0,48900.0,OLED Retina Display,4.6,Stainless Steel,1,0.0
APPLE,Smartwatch,"Series 7 GPS + Cellular, 45 mm Stainless Steel",['Black'],77900.0,77900.0,OLED Retina Display,4.6,Stainless Steel,1,0.0
APPLE,Smartwatch,Sport 42 mm Space Grey Aluminium Case,['Black'],29900.0,29900.0,OLED Retina Display,4.6,Aluminium,1,0.0
APPLE,Smartwatch,"Series 7 GPS + Cellular, 45 mm Stainless Steel",['Black'],73900.0,73900.0,OLED Retina Display,4.6,Stainless Steel,1,0.0
APPLE,Smartwatch,8 mm Stainless Steel Case,['Milanese'],56900.0,56900.0,OLED Retina Display,4.6,Stainless Steel,1,0.0
APPLE,Smartwatch,"Series 7 GPS + Cellular, 41 mm Stainless Steel",['Black'],73900.0,73900.0,OLED Retina Display,4.6,Stainless Steel,1,0.0
APPLE,Smartwatch,42 mm Black Stainless Steel Case with Link Bracelet,['Black'],79900.0,79900.0,OLED Retina Display,4.6,Stainless Steel,1,0.0
APPLE,Smartwatch,42 mm Space Gray Aluminium,['Blackwoven'],29900.0,29900.0,OLED Retina Display,4.5,Aluminium,1,0.0
APPLE,Smartwatch,Series 1 - 38 mm Silver Aluminium Case,['White'],21900.0,21900.0,OLED Retina Display,4.6,Aluminium,1,0.0
APPLE,Smartwatch,Series 3 GPS + Cellular- 42 mm Gray Ceramic Case,['Black'],122090.0,122090.0,OLED Retina Display,4.6,Nylon,1,0.0
APPLE,Smartwatch,42 mm Stainless Steel Case,['Leather'],60900.0,60900.0,OLED Retina Display,4.5,Stainless Steel,1,0.0
APPLE,Smartwatch,Series 1 - 42 mm Gold Aluminium Case,['Cocoa'],25900.0,25900.0,OLED Retina Display,4.6,Aluminium,1,0.0
APPLE,Smartwatch,2 - 42 mm Silver Aluminium Case,['Pearlwoven'],34900.0,34900.0,OLED Retina Display,4.7,Aluminium,1,0.0
APPLE,Smartwatch,Nike+ GPS - 42 mm Space Gray Aluminium Case,['Black'],32380.0,32380.0,OLED Retina Display,4.6,Aluminium,1,0.0
APPLE,Smartwatch,Series 3 GPS + Cellular- 42 mm White Ceramic Case,['Black'],122090.0,122090.0,OLED Retina Display,4.6,Nylon,1,0.0
APPLE,Smartwatch,38 mm Stainless Steel Stainless Steel Case with Modern Buckle,['Black'],64900.0,64900.0,OLED Retina Display,4.3,Stainless Steel,1,0.0
APPLE,Smartwatch,8 mm Stainless Steel Case,['Saddlebrown'],56900.0,56900.0,OLED Retina Display,4.3,Stainless Steel,1,0.0
APPLE,Smartwatch,series 2 - 38 mm Stainless Steel Case,['Bluemodern'],64900.0,64900.0,OLED Retina Display,4.6,Stainless Steel,1,0.0
APPLE,Smartwatch,Nike+ - 38 mm Space Gray Aluminium Case,['Black'],31600.0,31600.0,OLED Retina Display,4.5,Aluminium,1,0.0
GARMIN ,Smartwatch,Venu Sq - Music Edition,"['Brown', 'Multicolor', 'White']",20990.0,25990.0,AMOLED Display,4.3,Silicone,7,5000.0
GARMIN ,Smartwatch,Venu Sq,"['Gray', 'White']",15990.0,20990.0,AMOLED Display,4.2,Silicone,7,5000.0
GARMIN ,Smartwatch,Garmin Instinct Tactical,"['Black', 'Brown']",19990.0,31490.0,AMOLED Display,4.7,Silicone,7,11500.0
GARMIN ,Smartwatch,Venu,['Blue'],31990.0,39990.0,AMOLED Display,4.0,Silicone,7,8000.0
GARMIN ,Smartwatch,Forerunner 45,"['Black', 'Red']",14990.0,20990.0,OLED Display,4.4,Silicone,7,6000.0
GARMIN ,Smartwatch,Venu 2,"['Black', 'Blue']",41990.0,41990.0,AMOLED Display,4.7,Leather,14,0.0
GARMIN ,Smartwatch,Vivosmart 4,"['Black', 'Purple']",12150.0,13490.0,OLED Display,3.9,Silicone,5,1340.0
GARMIN ,Smartwatch,Garmin Instinct HR,"['Graphite', 'Sunburst']",34990.0,41490.0,AMOLED Display,4.1,Silicone,14,6500.0
GARMIN ,Smartwatch,Approach S62,"['Black', 'White']",46990.0,51990.0,OLED Display,4.1,Silicone,12,5000.0
GARMIN ,Smartwatch,Venu 2S,"['Gray', 'White']",37990.0,37990.0,AMOLED Display,4.2,Silicone,14,0.0
GARMIN ,Smartwatch,Forerunner 245 Music,"['Black', 'Red']",30000.0,36490.0,LED Display,4.2,Silicone,7,6490.0
GARMIN ,Smartwatch,Garmin Instinct HR,['Flamered'],20990.0,28490.0,AMOLED Display,3.7,Silicone,7,7500.0
GARMIN ,Smartwatch,Instinct,['Blue'],19990.0,28490.0,LED Display,4.4,Silicone,7,8500.0
GARMIN ,Smartwatch,Forerunner 245,"['Gray', 'Yellow']",24990.0,31490.0,LCD Display,4.6,Silicone,7,6500.0
GARMIN ,Smartwatch,Vivomove Style,"['Pink', 'White']",26990.0,31490.0,AMOLED Display,3.3,Nylon,14,4500.0
GARMIN ,Smartwatch,Fenix 6 Pro Solar,"['Black', 'Gray']",72990.0,88490.0,AMOLED Display,4.3,Nylon,45,15500.0
GARMIN ,Smartwatch,Fenix 6X,"['Black', 'Orange', 'Red']",79990.0,88490.0,AMOLED Display,4.3,Nylon,45,8500.0
GARMIN ,Smartwatch,FORERUNNER 745 Magma Red,['Magmared'],46990.0,51990.0,AMOLED Display,4.3,Silicone,14,5000.0
GARMIN ,Smartwatch,Fenix 6,"['Black', 'Orange', 'Red']",76990.0,86690.0,LED Display,4.3,Nylon,30,9700.0
GARMIN ,Smartwatch,Lily,"['Black', 'Brown', 'Gray', 'Purple', 'White']",18990.0,20990.0,AMOLED Display,3.3,Silicone,7,2000.0
GARMIN ,Smartwatch,Approach S12,"['Black', 'White']",18990.0,20990.0,OLED Display,4.0,Silicone,12,2000.0
GARMIN ,Smartwatch,Instinct,['Graphite'],19990.0,28490.0,AMOLED Display,5.0,Silicone,7,8500.0
GARMIN ,Smartwatch,Vivomove 3,['Black'],19990.0,25990.0,OLED Display,4.3,Silicone,7,6000.0
GARMIN ,Smartwatch,Fenix 6X Solar,"['Black', 'Gray']",105990.0,119490.0,AMOLED Display,4.3,Leather,45,13500.0
GARMIN ,Smartwatch,Fenix 6,"['Blue', 'Gray']",77990.0,86690.0,OLED Display,4.3,Nylon,45,8700.0
GARMIN ,Smartwatch,Fenix 5X,['Black'],58490.0,58490.0,OLED Display,4.3,Silicone,30,0.0
GARMIN ,Smartwatch,Vivomove Luxe,"['Black', 'Silver', 'White']",39990.0,52990.0,AMOLED Display,4.3,Silicone,14,13000.0
GARMIN ,Smartwatch,Fenix 6,"['Black', 'Gray']",74990.0,82990.0,OLED Display,4.3,Leather,30,8000.0
GARMIN ,Smartwatch,Vivomove,['Black'],31990.0,36790.0,AMOLED Display,3.3,Silicone,7,4800.0
GARMIN ,Smartwatch,Fenix 6S,"['Black', 'Gray']",70990.0,84090.0,LED Display,4.3,Stainless Steel,30,13100.0
GARMIN ,Smartwatch,Forerunner 945,"['Black', 'Blue']",56490.0,62490.0,OLED Display,4.2,Silicone,14,6000.0
GARMIN ,Smartwatch,Forerunner 55,['Black'],20990.0,20990.0,AMOLED Display,4.3,Silicone,7,0.0
GARMIN ,Smartwatch,VIVOMOVE LUXE,['Navy'],35990.0,47490.0,AMOLED Display,4.3,Silicone,14,11500.0
GARMIN ,Smartwatch,Lily,['Black'],23490.0,25990.0,AMOLED Display,3.3,Silicone,7,2500.0
GARMIN ,Smartwatch,Fenix 5X Plus,"['Black', 'White']",59990.0,79990.0,AMOLED Display,4.3,Silicone,30,20000.0
GARMIN ,Smartwatch,Swim 2,['Slate'],20990.0,26990.0,AMOLED Display,4.3,Silicone,7,6000.0
GARMIN ,Smartwatch,Vivoactive 3 Element,['Gray'],14990.0,16990.0,AMOLED Display,3.0,Silicone,7,2000.0
GARMIN ,Smartwatch,Vivomove 3S,['Black'],19990.0,25990.0,AMOLED Display,4.3,Silicone,14,6000.0
GARMIN ,Smartwatch,Forerunner 55,['White'],20990.0,20990.0,OLED Display,4.3,Silicone,14,0.0
GARMIN ,Smartwatch,Vivoactive 3 Music,['Black'],23990.0,29290.0,OLED Display,3.6,Silicone,14,5300.0
GARMIN ,Smartwatch,Vivomove HR,['Black'],16990.0,17990.0,OLED Display,3.6,Silicone,14,1000.0
GARMIN ,Smartwatch,Fenix 6X,"['Bluw', 'White']",86990.0,96390.0,OLED Display,4.3,Leather,45,9400.0
GARMIN ,Smartwatch,HRM-Swim,['Black'],8990.0,8990.0,AMOLED Display,4.3,Silicone,14,0.0
GARMIN ,Smartwatch,Garmin Instinct Solar Tactical,['Gray'],46990.0,51990.0,AMOLED Display,4.3,Silicone,14,5000.0
GARMIN ,Smartwatch,Fenix 5S Frost Blue,['Bluesapphire'],39990.0,53190.0,AMOLED Display,4.3,Silicone,30,13200.0
GARMIN ,Smartwatch,Forerunner 935,['Tidalblue'],39990.0,48790.0,AMOLED Display,4.7,Silicone,14,8800.0
GARMIN ,Smartwatch,Hybrid 3,['Black'],19990.0,25990.0,LED Display,4.3,Silicone,14,6000.0
GARMIN ,Smartwatch,Forerunner 245 Music Japan Edition,"['Red', 'White']",29990.0,36490.0,LED Display,4.3,Silicone,14,6500.0
GARMIN ,Smartwatch,Fenix 5,['Black'],47990.0,52990.0,AMOLED Display,4.3,Silicone,30,5000.0
GARMIN ,Smartwatch,Instinct Solar Tidal,"['Flamered', 'Tidalblue']",34990.0,41490.0,AMOLED Display,4.3,Silicone,14,6500.0
GARMIN ,Smartwatch,Fenix 5S Plus,['Bluesapphire'],49990.0,53190.0,AMOLED Display,4.3,Silicone,30,3200.0
GARMIN ,Smartwatch,Fenix 6 Sapphire Titanium,['Bluesapphire'],81990.0,96690.0,AMOLED Display,4.3,Leather ,45,14700.0
GARMIN ,Smartwatch,Fenix 6 Sapphire Gray DLC,['Black'],74990.0,82990.0,AMOLED Display,4.3,Leather,30,8000.0
GARMIN ,Smartwatch,Vivoactive 3 Music,['Blue'],26990.0,26990.0,OLED Display,3.6,Silicone,14,0.0
GARMIN ,Smartwatch,Forerunner 935,['Flamered'],33742.0,48990.0,OLED Display,4.7,Silicone,14,15248.0
GARMIN ,Smartwatch,Forerunner 745 Whitestone,['White'],46990.0,51990.0,OLED Display,4.3,Silicone,14,5000.0
GARMIN ,Smartwatch,VIVOACTIVE 4S,['Powdergray'],34990.0,34990.0,OLED Display,4.3,Silicone,14,0.0
GARMIN ,Smartwatch,Forerunner 935,"['Black', 'Green', 'Yellow']",42990.0,42990.0,OLED Display,4.7,Silicone,14,0.0
GARMIN ,Smartwatch,Forerunner 235,['Black'],18990.0,22990.0,LED Display,4.7,Silicone,14,4000.0
GARMIN ,Smartwatch,Fenix 6S,"['Black', 'White']",77990.0,86690.0,AMOLED Display,4.3,Nylon,45,8700.0
GARMIN ,Smartwatch,Forerunner 235,['Blue'],24990.0,31197.0,LED Display,4.7,Silicone,14,6207.0
GARMIN ,Smartwatch,Venu,['Black'],32990.0,39990.0,LED Display,4.0,Silicone,14,7000.0
GARMIN ,Smartwatch,Vivoactive 4,['Black'],28990.0,34990.0,AMOLED Display,4.3,Silicone,14,6000.0
GARMIN ,Smartwatch,Forerunner 245 Music,"['Gray', 'White']",33490.0,34990.0,AMOLED Display,4.2,Silicone,14,1500.0
GARMIN ,Smartwatch,Fenix 6 Pro Solar,['Yellow'],84490.0,88490.0,AMOLED Display,4.3,Nylon,45,4000.0
GARMIN ,Smartwatch,Garmin Instinct Solar Tactical,['White'],42990.0,47490.0,AMOLED Display,4.3,Silicone,14,4500.0
GARMIN ,Smartwatch,Forerunner 745 Black,['Black'],46990.0,51990.0,AMOLED Display,5.0,Silicone,14,5000.0
GARMIN ,Smartwatch,Vivoactive HR,['Black'],21990.0,21990.0,AMOLED Display,3.5,Silicone,14,0.0
GARMIN ,Smartwatch,Fenix 5s,['Bluesapphire'],54990.0,54990.0,AMOLED Display,4.3,Silicone,30,0.0
GARMIN ,Smartwatch,vivoactive 4S 40mm,"['Rosegold', 'Slateblack']",28990.0,34990.0,AMOLED Display,5.0,Silicone,14,6000.0
GARMIN ,Smartwatch,Instinct,"['Blue', 'Orange']",25249.0,26990.0,OLED Display,4.4,Silicone,14,1741.0
GARMIN ,Smartwatch,Instinct Solar Camo Edition,"['Black', 'Gray']",47490.0,47490.0,AMOLED Display,4.7,Silicone,14,0.0
GARMIN ,Smartwatch,Lily,"['Purple', 'White']",18990.0,20990.0,LED Display,3.3,Silicone,14,2000.0
GARMIN ,Smartwatch,Vivoactive 3 Element Cerise,['Cerise'],14990.0,16990.0,LED Display,4.3,Silicone,14,2000.0
GARMIN ,Smartwatch,Forerunner 235,['Black'],21999.0,27790.0,LED Display,4.7,Silicone,14,5791.0
GARMIN ,Smartwatch,VIVOMOVE 3S Navy,['Rosegold'],19990.0,25990.0,LED Display,4.3,Silicone,14,6000.0
GARMIN ,Smartwatch,Fenix 5s,"['Black', 'White']",34990.0,49990.0,AMOLED Display,4.3,Silicone,30,15000.0
GARMIN ,Smartwatch,Vivoactive 4,['Purple'],28990.0,34990.0,LED Display,4.3,Silicone,14,6000.0
GARMIN ,Smartwatch,Vivoactive 3 Music,['White'],19144.0,26990.0,LED Display,3.6,Silicone,14,7846.0
GARMIN ,Smartwatch,Forerunner15 Heart,['Black'],12999.0,14499.0,AMOLED Display,4.7,Silicone,14,1500.0
GARMIN ,Smartwatch,Running GPS 935,['Black'],42990.0,42990.0,AMOLED Display,4.3,Leather,14,0.0
GARMIN ,Smartwatch,Forerunner,['Black'],44990.0,44990.0,AMOLED Display,4.3,Leather,14,0.0
GARMIN ,Smartwatch,Approach S20,"['Black', 'White']",15990.0,19990.0,OLED Display,4.1,Silicone,12,4000.0
GARMIN ,Smartwatch,Forerunner 235 Activity Tracker,['Black'],22990.0,22990.0,AMOLED Display,4.3,Silicone,14,0.0
GARMIN ,Smartwatch,Vivoactive 3 element,['Black'],22990.0,29990.0,AMOLED Display,3.6,Silicone,14,7000.0
GARMIN ,Smartwatch,Fenix,['Black'],54990.0,54990.0,AMOLED Display,4.3,Leather,30,0.0
GARMIN ,Smartwatch,Forerunner 35,['Frostblue'],16990.0,16990.0,AMOLED Display,4.3,Silicone,14,0.0
GARMIN ,Smartwatch,Forerunner,['Black'],16990.0,16990.0,AMOLED Display,4.3,Silicone,14,0.0
GARMIN ,Smartwatch,Forerunner,['Blue'],29990.0,29990.0,AMOLED Display,4.3,Silicone,14,0.0
GARMIN ,Smartwatch,Vivoactive 3 element,['Gray'],13578.0,24990.0,LED Display,3.6,Silicone,14,11412.0
GARMIN ,Smartwatch,Rubber 35,['Black'],16990.0,16990.0,LED Display,2.0,Silicone,14,0.0
GARMIN ,Smartwatch,FORRUNNER 235,['Black'],22990.0,22990.0,LED Display,4.3,Silicone,14,0.0
GARMIN ,Smartwatch,Forerunner,['Black'],27990.0,27990.0,LED Display,4.3,Silicone,14,0.0
GARMIN ,Smartwatch,Forerunner Fitness Notifier,['Black'],15990.0,16743.0,LED Display,4.3,Silicone,14,753.0
GARMIN ,Smartwatch,Vivomove HR,['Black'],12990.0,19990.0,LED Display,3.7,Silicone,14,7000.0
GARMIN ,Smartwatch,Vivoactive 3 element,['Blue'],16990.0,16990.0,AMOLED Display,3.6,Silicone,14,0.0
GARMIN ,Smartwatch,Vivoactive,['Black'],27990.0,27990.0,AMOLED Display,4.8,Silicone,14,0.0
GARMIN ,Smartwatch,Forerunner 735XT,['Black'],39990.0,39990.0,LED Display,4.3,Silicone,14,0.0
GARMIN ,Smartwatch,HR GPS Smart,['Black'],15999.0,20000.0,AMOLED Display,4.3,Silicone,14,4001.0
GARMIN ,Smartwatch,Hybrid,['Rosegold'],15911.0,21335.0,LED Display,4.3,Silicone,7,5424.0
OnePlus ,Smartwatch,Watch,"['Black', 'Silver']",14999.0,16999.0,AMOLED Display,4.4,Elastomer,14,2000.0
Huawei,Smartwatch,GT2 46mm,"['Black', 'Brown']",14990.0,20990.0,AMOLED Display,4.5,Elastomer,14,6000.0
Huawei,Smartwatch,GT2 Pro,['Black'],22990.0,29990.0,AMOLED Display,4.4,Elastomer,14,7000.0
Huawei,Smartwatch,GT2 Pro,['Gray'],24990.0,34990.0,AMOLED Display,3.5,Elastomer,14,10000.0
Huawei,Smartwatch,GT2 eSport,['Black'],11990.0,19990.0,AMOLED Display,4.3,Elastomer,14,8000.0
Huawei,Smartwatch,GT2 eSport,['Red'],8990.0,19990.0,AMOLED Display,4.3,Elastomer,14,11000.0
Huawei,Smartwatch,GT2 eActive,"['Green', 'Red']",11990.0,19990.0,AMOLED Display,4.3,Thermoplastic polyurethane,14,8000.0
Huawei,Smartwatch,GT2 42mm,['Black'],14990.0,19990.0,AMOLED Display,4.3,Elastomer,14,5000.0
Huawei,Smartwatch,Stainless Steel,['Black'],19990.0,19990.0,AMOLED Display,4.5,Leather,14,0.0
Huawei,Smartwatch,GT Active,['Green'],8990.0,20990.0,AMOLED Display,4.4,Silicone,14,12000.0
Huawei,Smartwatch,GT Active,['Orange'],15990.0,20990.0,AMOLED Display,4.4,Silicone,14,5000.0
Huawei,Smartwatch,GT Sport,['Black'],10990.0,20990.0,AMOLED Display,4.4,Silicone,14,10000.0
Huawei,Smartwatch,GT Classic,['Brown'],10990.0,21990.0,AMOLED Display,4.5,Leather,14,11000.0
Huawei,Smartwatch,GT2 46mm,['Gray'],20990.0,30990.0,AMOLED Display,4.5,Stainless Steel,14,10000.0
Huawei,Smartwatch,Fit,['Blue'],9999.0,9999.0,AMOLED Display,3.4,Silicone,7,0.0
Huawei,Smartwatch,Fit,['Orange'],6999.0,9999.0,AMOLED Display,3.4,Silicone,7,3000.0
Huawei,Smartwatch,Watch 2 Sport,['Black'],29999.0,29999.0,AMOLED Display,3.8,Silicone,7,0.0
Huawei,Smartwatch,Watch 32564546,['Black'],49999.0,49999.0,AMOLED Display,4.1,Silicone,14,0.0
Huawei,Smartwatch,Watch 2,['Black'],25999.0,25999.0,AMOLED Display,3.9,Leather,7,0.0
Huawei,Smartwatch,Watch 36456,['Black'],55000.0,55000.0,AMOLED Display,4.1,Silicone,14,0.0
Huawei,Smartwatch,GT Fortuna-B19S Sport,['Black'],13990.0,20990.0,AMOLED Display,4.1,Elastomer,14,7000.0
GOQii,FitnessBand,HR,['Black'],1999.0,1999.0,OLED Display,3.8,Silicone,7,0.0
GOQii,FitnessBand,Vital,['Black'],3499.0,3499.0,OLED Display,3.7,Thermoplastic polyurethane,7,0.0
FOSSIL ,Smartwatch,Gen 5E,"['Gray', 'Multicolor']",18495.0,18495.0,AMOLED Display,4.2,Stainless Steel,1,0.0
